CREATE DEFINER=`root`@`localhost` FUNCTION `contar_clientes_cursor`() RETURNS int(11)
BEGIN
	declare conta int;
    declare customerid text;
    declare fin_cursor int default false; #cuando llegue al final, sera true
    
    #declaramos el cursor: un cursor es un conjunto de datos de una consulta
    declare cursor_clientes cursor for select customerid from customers;
    #como controlamos el cursor    
    declare continue handler for not found set fin_cursor = true; 

	set conta = 0;
    # abrimos el cursor (ejecutamos el select)
    open cursor_clientes;
    # usamos un ciclo para recorrer cada registro del cursor
    ciclo_cursor: loop
		#leemos los datos del registor y los guardamos en una variable
		fetch cursor_clientes into customerid;
        #si llegamos al final, se produce la excepción, fin_cursor se 
        # iguala a true y termina el ciclo
        
        if fin_cursor then
			leave ciclo_cursor;
		else
        insert into temp_customer values (customerid);
			set conta = conta + 1;
        end if;
    end loop;
    
    close cursor_clientes;
RETURN conta;
END


Enter password: *******
Welcome to the MySQL monitor.  Commands end with ; or \g.
Your MySQL connection id is 53
Server version: 8.0.13 MySQL Community Server - GPL

Copyright (c) 2000, 2018, Oracle and/or its affiliates. All rights reserved.

Oracle is a registered trademark of Oracle Corporation and/or its
affiliates. Other names may be trademarks of their respective
owners.

Type 'help;' or '\h' for help. Type '\c' to clear the current input statement.

mysql> use northwind;
Database changed
mysql> create table temp_customer(id varchar(5));
Query OK, 0 rows affected (1.23 sec)

mysql> select contar_clientes_cursor();
+--------------------------+
| contar_clientes_cursor() |
+--------------------------+
|                       91 |
+--------------------------+
1 row in set (0.18 sec)

mysql> select contar_clientes_cursor() as shit;
+------+
| shit |
+------+
|   91 |
+------+
1 row in set (0.19 sec)

mysql>


